	device	layer	index	name	expected_value	.accessor.executable	.accessor.arguments	time_ms	output	return_code
0	GPU_SXM_1	pin_status	0	Power Enablement	1	fpga_regtbl_wrapper	FPGA_SXM1_PWR_EN GPU_SXM_1	0	1	0
1	GPU_SXM_1	pin_status	2	PGOOD Status	1	fpga_regtbl_wrapper	GPU1_PWRGD GPU_SXM_1	0	1	0
2	GPU_SXM_1	interface_status	0	I2CDirect Status	link-up	i2c_wrapper	i2c_access GPU_SXM_1	0	link-up	0
3	GPU_SXM_1	interface_status	1	SPI Flash	0	mctp-vdm-util-wrapper	AP0_SPI_READ_FAILURE GPU_SXM_1	0	0	0
4	GPU_SXM_1	interface_status	3	PCIe AER Status - non-fatal error count	0	pcie_wrapper	pcie_non_fatal_error_count GPU_SXM_1	0	0	0
5	GPU_SXM_1	interface_status	4	PCIe AER Status - fatal error count	0	pcie_wrapper	pcie_fatal_error_count GPU_SXM_1	0	0	0
6	GPU_SXM_1	protocol_status	0	I2CDirect Status	link-up	i2c_wrapper	i2c_access GPU_SXM_1	0	link-up	0
7	GPU_SXM_1	firmware_status	0	Authentication Status	1	mctp-vdm-util-wrapper	AP0_PRIMARY_FW_AUTHENTICATION_STATUS GPU_SXM_1	0	1	0
8	GPU_SXM_1	firmware_status	1	Boot Completion Status	0	mctp-vdm-util-wrapper	AP0_BOOTCOMPLETE_TIMEOUT GPU_SXM_1	0	0	0
9	GPU_SXM_1	firmware_status	2	Heartbeat Status	0	mctp-vdm-util-wrapper	AP0_HEARTBEAT_TIMEOUT GPU_SXM_1	0	0	0
10	GPU_SXM_1	firmware_status	5	WriteProtect Status		nvlink-wp-status-wrapper	gpu_spiflash_wp_status GPU_SXM_1	0		0
11	GPU_SXM_1	data_dump	0	Boot status		mctp-vdm-util-wrapper	query_boot_status GPU_SXM_1	0		0
12	GPU_SXM_1	data_dump	2	Download log		mctp-vdm-util-wrapper	download_log GPU_SXM_1	0		0
13	GPU_SXM_2	pin_status	0	Power Enablement	1	fpga_regtbl_wrapper	FPGA_SXM2_PWR_EN GPU_SXM_2	0	1	0
14	GPU_SXM_2	pin_status	2	PGOOD Status	1	fpga_regtbl_wrapper	GPU2_PWRGD GPU_SXM_2	0	1	0
15	GPU_SXM_2	interface_status	0	I2CDirect Status	link-up	i2c_wrapper	i2c_access GPU_SXM_2	0	link-up	0
16	GPU_SXM_2	interface_status	1	SPI Flash	0	mctp-vdm-util-wrapper	AP0_SPI_READ_FAILURE GPU_SXM_2	0	0	0
17	GPU_SXM_2	interface_status	3	PCIe AER Status - non-fatal error count	0	pcie_wrapper	pcie_non_fatal_error_count GPU_SXM_2	0	0	0
18	GPU_SXM_2	interface_status	4	PCIe AER Status - fatal error count	0	pcie_wrapper	pcie_fatal_error_count GPU_SXM_2	0	0	0
19	GPU_SXM_2	protocol_status	0	I2CDirect Status	link-up	i2c_wrapper	i2c_access GPU_SXM_2	0	link-up	0
20	GPU_SXM_2	firmware_status	0	Authentication Status	1	mctp-vdm-util-wrapper	AP0_PRIMARY_FW_AUTHENTICATION_STATUS GPU_SXM_2	0	1	0
21	GPU_SXM_2	firmware_status	1	Boot Completion Status	0	mctp-vdm-util-wrapper	AP0_BOOTCOMPLETE_TIMEOUT GPU_SXM_2	0	0	0
22	GPU_SXM_2	firmware_status	2	Heartbeat Status	0	mctp-vdm-util-wrapper	AP0_HEARTBEAT_TIMEOUT GPU_SXM_2	0	0	0
23	GPU_SXM_2	firmware_status	5	WriteProtect Status		nvlink-wp-status-wrapper	gpu_spiflash_wp_status GPU_SXM_2	0		0
24	GPU_SXM_2	data_dump	0	Boot status		mctp-vdm-util-wrapper	query_boot_status GPU_SXM_2	0		0
25	GPU_SXM_2	data_dump	2	Download log		mctp-vdm-util-wrapper	download_log GPU_SXM_2	0		0
26	GPU_SXM_3	pin_status	0	Power Enablement	1	fpga_regtbl_wrapper	FPGA_SXM3_PWR_EN GPU_SXM_3	0	1	0
27	GPU_SXM_3	pin_status	2	PGOOD Status	1	fpga_regtbl_wrapper	GPU3_PWRGD GPU_SXM_3	0	1	0
28	GPU_SXM_3	interface_status	0	I2CDirect Status	link-up	i2c_wrapper	i2c_access GPU_SXM_3	0	link-up	0
29	GPU_SXM_3	interface_status	1	SPI Flash	0	mctp-vdm-util-wrapper	AP0_SPI_READ_FAILURE GPU_SXM_3	0	0	0
30	GPU_SXM_3	interface_status	3	PCIe AER Status - non-fatal error count	0	pcie_wrapper	pcie_non_fatal_error_count GPU_SXM_3	0	0	0
31	GPU_SXM_3	interface_status	4	PCIe AER Status - fatal error count	0	pcie_wrapper	pcie_fatal_error_count GPU_SXM_3	0	0	0
32	GPU_SXM_3	protocol_status	0	I2CDirect Status	link-up	i2c_wrapper	i2c_access GPU_SXM_3	0	link-up	0
33	GPU_SXM_3	firmware_status	0	Authentication Status	1	mctp-vdm-util-wrapper	AP0_PRIMARY_FW_AUTHENTICATION_STATUS GPU_SXM_3	0	1	0
34	GPU_SXM_3	firmware_status	1	Boot Completion Status	0	mctp-vdm-util-wrapper	AP0_BOOTCOMPLETE_TIMEOUT GPU_SXM_3	0	0	0
35	GPU_SXM_3	firmware_status	2	Heartbeat Status	0	mctp-vdm-util-wrapper	AP0_HEARTBEAT_TIMEOUT GPU_SXM_3	0	0	0
36	GPU_SXM_3	firmware_status	5	WriteProtect Status		nvlink-wp-status-wrapper	gpu_spiflash_wp_status GPU_SXM_3	0		0
37	GPU_SXM_3	data_dump	0	Boot status		mctp-vdm-util-wrapper	query_boot_status GPU_SXM_3	0		0
38	GPU_SXM_3	data_dump	2	Download log		mctp-vdm-util-wrapper	download_log GPU_SXM_3	0		0
39	GPU_SXM_4	pin_status	0	Power Enablement	1	fpga_regtbl_wrapper	FPGA_SXM4_PWR_EN GPU_SXM_4	0	1	0
40	GPU_SXM_4	pin_status	2	PGOOD Status	1	fpga_regtbl_wrapper	GPU4_PWRGD GPU_SXM_4	0	1	0
41	GPU_SXM_4	interface_status	0	I2CDirect Status	link-up	i2c_wrapper	i2c_access GPU_SXM_4	0	link-up	0
42	GPU_SXM_4	interface_status	1	SPI Flash	0	mctp-vdm-util-wrapper	AP0_SPI_READ_FAILURE GPU_SXM_4	0	0	0
43	GPU_SXM_4	interface_status	3	PCIe AER Status - non-fatal error count	0	pcie_wrapper	pcie_non_fatal_error_count GPU_SXM_4	0	0	0
44	GPU_SXM_4	interface_status	4	PCIe AER Status - fatal error count	0	pcie_wrapper	pcie_fatal_error_count GPU_SXM_4	0	0	0
45	GPU_SXM_4	protocol_status	0	I2CDirect Status	link-up	i2c_wrapper	i2c_access GPU_SXM_4	0	link-up	0
46	GPU_SXM_4	firmware_status	0	Authentication Status	1	mctp-vdm-util-wrapper	AP0_PRIMARY_FW_AUTHENTICATION_STATUS GPU_SXM_4	0	1	0
47	GPU_SXM_4	firmware_status	1	Boot Completion Status	0	mctp-vdm-util-wrapper	AP0_BOOTCOMPLETE_TIMEOUT GPU_SXM_4	0	0	0
48	GPU_SXM_4	firmware_status	2	Heartbeat Status	0	mctp-vdm-util-wrapper	AP0_HEARTBEAT_TIMEOUT GPU_SXM_4	0	0	0
49	GPU_SXM_4	firmware_status	5	WriteProtect Status		nvlink-wp-status-wrapper	gpu_spiflash_wp_status GPU_SXM_4	0		0
50	GPU_SXM_4	data_dump	0	Boot status		mctp-vdm-util-wrapper	query_boot_status GPU_SXM_4	0		0
51	GPU_SXM_4	data_dump	2	Download log		mctp-vdm-util-wrapper	download_log GPU_SXM_4	0		0
52	GPU_SXM_5	pin_status	0	Power Enablement	1	fpga_regtbl_wrapper	FPGA_SXM5_PWR_EN GPU_SXM_5	0	1	0
53	GPU_SXM_5	pin_status	2	PGOOD Status	1	fpga_regtbl_wrapper	GPU5_PWRGD GPU_SXM_5	0	1	0
54	GPU_SXM_5	interface_status	0	I2CDirect Status	link-up	i2c_wrapper	i2c_access GPU_SXM_5	0	link-up	0
55	GPU_SXM_5	interface_status	1	SPI Flash	0	mctp-vdm-util-wrapper	AP0_SPI_READ_FAILURE GPU_SXM_5	0	0	0
56	GPU_SXM_5	interface_status	3	PCIe AER Status - non-fatal error count	0	pcie_wrapper	pcie_non_fatal_error_count GPU_SXM_5	0	0	0
57	GPU_SXM_5	interface_status	4	PCIe AER Status - fatal error count	0	pcie_wrapper	pcie_fatal_error_count GPU_SXM_5	0	0	0
58	GPU_SXM_5	protocol_status	0	I2CDirect Status	link-up	i2c_wrapper	i2c_access GPU_SXM_5	0	link-up	0
59	GPU_SXM_5	firmware_status	0	Authentication Status	1	mctp-vdm-util-wrapper	AP0_PRIMARY_FW_AUTHENTICATION_STATUS GPU_SXM_5	0	1	0
60	GPU_SXM_5	firmware_status	1	Boot Completion Status	0	mctp-vdm-util-wrapper	AP0_BOOTCOMPLETE_TIMEOUT GPU_SXM_5	0	0	0
61	GPU_SXM_5	firmware_status	2	Heartbeat Status	0	mctp-vdm-util-wrapper	AP0_HEARTBEAT_TIMEOUT GPU_SXM_5	0	0	0
62	GPU_SXM_5	firmware_status	5	WriteProtect Status		nvlink-wp-status-wrapper	gpu_spiflash_wp_status GPU_SXM_5	0		0
63	GPU_SXM_5	data_dump	0	Boot status		mctp-vdm-util-wrapper	query_boot_status GPU_SXM_5	0		0
64	GPU_SXM_5	data_dump	2	Download log		mctp-vdm-util-wrapper	download_log GPU_SXM_5	0		0
65	GPU_SXM_6	pin_status	0	Power Enablement	1	fpga_regtbl_wrapper	FPGA_SXM6_PWR_EN GPU_SXM_6	0	1	0
66	GPU_SXM_6	pin_status	2	PGOOD Status	1	fpga_regtbl_wrapper	GPU6_PWRGD GPU_SXM_6	0	1	0
67	GPU_SXM_6	interface_status	0	I2CDirect Status	link-up	i2c_wrapper	i2c_access GPU_SXM_6	0	link-up	0
68	GPU_SXM_6	interface_status	1	SPI Flash	0	mctp-vdm-util-wrapper	AP0_SPI_READ_FAILURE GPU_SXM_6	0	0	0
69	GPU_SXM_6	interface_status	3	PCIe AER Status - non-fatal error count	0	pcie_wrapper	pcie_non_fatal_error_count GPU_SXM_6	0	0	0
70	GPU_SXM_6	interface_status	4	PCIe AER Status - fatal error count	0	pcie_wrapper	pcie_fatal_error_count GPU_SXM_6	0	0	0
71	GPU_SXM_6	protocol_status	0	I2CDirect Status	link-up	i2c_wrapper	i2c_access GPU_SXM_6	0	link-up	0
72	GPU_SXM_6	firmware_status	0	Authentication Status	1	mctp-vdm-util-wrapper	AP0_PRIMARY_FW_AUTHENTICATION_STATUS GPU_SXM_6	0	1	0
73	GPU_SXM_6	firmware_status	1	Boot Completion Status	0	mctp-vdm-util-wrapper	AP0_BOOTCOMPLETE_TIMEOUT GPU_SXM_6	0	0	0
74	GPU_SXM_6	firmware_status	2	Heartbeat Status	0	mctp-vdm-util-wrapper	AP0_HEARTBEAT_TIMEOUT GPU_SXM_6	0	0	0
75	GPU_SXM_6	firmware_status	5	WriteProtect Status		nvlink-wp-status-wrapper	gpu_spiflash_wp_status GPU_SXM_6	0		0
76	GPU_SXM_6	data_dump	0	Boot status		mctp-vdm-util-wrapper	query_boot_status GPU_SXM_6	0		0
77	GPU_SXM_6	data_dump	2	Download log		mctp-vdm-util-wrapper	download_log GPU_SXM_6	0		0
78	GPU_SXM_7	pin_status	0	Power Enablement	1	fpga_regtbl_wrapper	FPGA_SXM7_PWR_EN GPU_SXM_7	0	1	0
79	GPU_SXM_7	pin_status	2	PGOOD Status	1	fpga_regtbl_wrapper	GPU7_PWRGD GPU_SXM_7	0	1	0
80	GPU_SXM_7	interface_status	0	I2CDirect Status	link-up	i2c_wrapper	i2c_access GPU_SXM_7	0	link-up	0
81	GPU_SXM_7	interface_status	1	SPI Flash	0	mctp-vdm-util-wrapper	AP0_SPI_READ_FAILURE GPU_SXM_7	0	0	0
82	GPU_SXM_7	interface_status	3	PCIe AER Status - non-fatal error count	0	pcie_wrapper	pcie_non_fatal_error_count GPU_SXM_7	0	0	0
83	GPU_SXM_7	interface_status	4	PCIe AER Status - fatal error count	0	pcie_wrapper	pcie_fatal_error_count GPU_SXM_7	0	0	0
84	GPU_SXM_7	protocol_status	0	I2CDirect Status	link-up	i2c_wrapper	i2c_access GPU_SXM_7	0	link-up	0
85	GPU_SXM_7	firmware_status	0	Authentication Status	1	mctp-vdm-util-wrapper	AP0_PRIMARY_FW_AUTHENTICATION_STATUS GPU_SXM_7	0	1	0
86	GPU_SXM_7	firmware_status	1	Boot Completion Status	0	mctp-vdm-util-wrapper	AP0_BOOTCOMPLETE_TIMEOUT GPU_SXM_7	0	0	0
87	GPU_SXM_7	firmware_status	2	Heartbeat Status	0	mctp-vdm-util-wrapper	AP0_HEARTBEAT_TIMEOUT GPU_SXM_7	0	0	0
88	GPU_SXM_7	firmware_status	5	WriteProtect Status		nvlink-wp-status-wrapper	gpu_spiflash_wp_status GPU_SXM_7	0		0
89	GPU_SXM_7	data_dump	0	Boot status		mctp-vdm-util-wrapper	query_boot_status GPU_SXM_7	0		0
90	GPU_SXM_7	data_dump	2	Download log		mctp-vdm-util-wrapper	download_log GPU_SXM_7	0		0
91	GPU_SXM_8	pin_status	0	Power Enablement	1	fpga_regtbl_wrapper	FPGA_SXM8_PWR_EN GPU_SXM_8	0	1	0
92	GPU_SXM_8	pin_status	2	PGOOD Status	1	fpga_regtbl_wrapper	GPU8_PWRGD GPU_SXM_8	0	1	0
93	GPU_SXM_8	interface_status	0	I2CDirect Status	link-up	i2c_wrapper	i2c_access GPU_SXM_8	0	link-up	0
94	GPU_SXM_8	interface_status	1	SPI Flash	0	mctp-vdm-util-wrapper	AP0_SPI_READ_FAILURE GPU_SXM_8	0	0	0
95	GPU_SXM_8	interface_status	3	PCIe AER Status - non-fatal error count	0	pcie_wrapper	pcie_non_fatal_error_count GPU_SXM_8	0	0	0
96	GPU_SXM_8	interface_status	4	PCIe AER Status - fatal error count	0	pcie_wrapper	pcie_fatal_error_count GPU_SXM_8	0	0	0
97	GPU_SXM_8	protocol_status	0	I2CDirect Status	link-up	i2c_wrapper	i2c_access GPU_SXM_8	0	link-up	0
98	GPU_SXM_8	firmware_status	0	Authentication Status	1	mctp-vdm-util-wrapper	AP0_PRIMARY_FW_AUTHENTICATION_STATUS GPU_SXM_8	0	1	0
99	GPU_SXM_8	firmware_status	1	Boot Completion Status	0	mctp-vdm-util-wrapper	AP0_BOOTCOMPLETE_TIMEOUT GPU_SXM_8	0	0	0
100	GPU_SXM_8	firmware_status	2	Heartbeat Status	0	mctp-vdm-util-wrapper	AP0_HEARTBEAT_TIMEOUT GPU_SXM_8	0	0	0
101	GPU_SXM_8	firmware_status	5	WriteProtect Status		nvlink-wp-status-wrapper	gpu_spiflash_wp_status GPU_SXM_8	0		0
102	GPU_SXM_8	data_dump	0	Boot status		mctp-vdm-util-wrapper	query_boot_status GPU_SXM_8	0		0
103	GPU_SXM_8	data_dump	2	Download log		mctp-vdm-util-wrapper	download_log GPU_SXM_8	0		0
104	NVSwitch_0	pin_status	0	VDD1V8 Power Enablement	1	fpga_regtbl_wrapper	FPGA_NVSW_0_VDD1V8_PWR_EN NVSwitch_0	0	1	0
105	NVSwitch_0	pin_status	1	VDD1V8 PGOOD Status	1	fpga_regtbl_wrapper	NVSW_0_VDD1V8_PG NVSwitch_0	0	1	0
106	NVSwitch_0	pin_status	3	HVDD Power Enablement	1	fpga_regtbl_wrapper	FPGA_NVSW_0_HVDD_PWR_EN NVSwitch_0	0	1	0
107	NVSwitch_0	pin_status	4	HVDD PGOOD Status	1	fpga_regtbl_wrapper	NVSW_0_HVDD_PG NVSwitch_0	0	1	0
108	NVSwitch_0	pin_status	6	DVDD Power Enablement	1	fpga_regtbl_wrapper	FPGA_NVSW_0_DVDD_PWR_EN NVSwitch_0	0	1	0
109	NVSwitch_0	pin_status	7	DVDD PGOOD Status	1	fpga_regtbl_wrapper	NVSW_0_DVDD_PG NVSwitch_0	0	1	0
110	NVSwitch_0	pin_status	9	VDD Power Enablement	1	fpga_regtbl_wrapper	FPGA_NVSW_0_VDD_PWR_EN NVSwitch_0	0	1	0
111	NVSwitch_0	pin_status	10	VDD PGOOD Status	1	fpga_regtbl_wrapper	NVSW_0_VDD_PG NVSwitch_0	0	1	0
112	NVSwitch_0	pin_status	12	3V3 Power Enablement	1	fpga_regtbl_wrapper	FPGA_NVSW_0_3V3_PWR_EN NVSwitch_0	0	1	0
113	NVSwitch_0	pin_status	13	3V3 PGOOD Status	1	fpga_regtbl_wrapper	NVSW_0_3V3_PG NVSwitch_0	0	1	0
114	NVSwitch_0	pin_status	15	5V Power Enablement	1	fpga_regtbl_wrapper	FPGA_NVSW_0_5V_PWR_EN NVSwitch_0	0	1	0
115	NVSwitch_0	pin_status	16	5V PGOOD Status	1	fpga_regtbl_wrapper	NVSW_0_5V_PG NVSwitch_0	0	1	0
116	NVSwitch_0	pin_status	19	PERST Status	1	fpga_regtbl_wrapper	FPGA_NVSW0_PERST_L NVSwitch_0	0	1	0
117	NVSwitch_0	interface_status	0	I2CDirect Status	link-up	i2c_wrapper	i2c_access NVSwitch_0	0	link-up	0
118	NVSwitch_0	interface_status	1	SPI Flash	0	mctp-vdm-util-wrapper	AP0_SPI_READ_FAILURE NVSwitch_0	0	0	0
119	NVSwitch_0	interface_status	3	PCIe AER Status non-fatal error count	0	pcie_wrapper	pcie_non_fatal_error_count NVSwitch_0	0	0	0
120	NVSwitch_0	interface_status	4	PCIe AER Status fatal error count	0	pcie_wrapper	pcie_fatal_error_count NVSwitch_0	0	0	0
121	NVSwitch_0	protocol_status	0	I2CDirect Status	link-up	i2c_wrapper	i2c_access NVSwitch_0	0	link-up	0
122	NVSwitch_0	firmware_status	0	Authentication Status	1	mctp-vdm-util-wrapper	AP0_PRIMARY_FW_AUTHENTICATION_STATUS NVSwitch_0	0	1	0
123	NVSwitch_0	firmware_status	1	Boot Completion Status	0	mctp-vdm-util-wrapper	AP0_BOOTCOMPLETE_TIMEOUT NVSwitch_0	0	0	0
124	NVSwitch_0	firmware_status	2	Heartbeat Status	0	mctp-vdm-util-wrapper	AP0_HEARTBEAT_TIMEOUT NVSwitch_0	0	0	0
125	NVSwitch_0	firmware_status	5	WriteProtect Status		nvlink-wp-status-wrapper	nvswitch_eeprom_wp_status NVSwitch_0	0		0
126	NVSwitch_0	data_dump	0	Boot status		mctp-vdm-util-wrapper	query_boot_status NVSwitch_0	0		0
127	NVSwitch_0	data_dump	2	Download log		mctp-vdm-util-wrapper	download_log NVSwitch_0	0		0
128	NVSwitch_1	pin_status	0	VDD1V8 Power Enablement	1	fpga_regtbl_wrapper	FPGA_NVSW_1_VDD1V8_PWR_EN NVSwitch_1	0	1	0
129	NVSwitch_1	pin_status	1	VDD1V8 PGOOD Status	1	fpga_regtbl_wrapper	NVSW_1_VDD1V8_PG NVSwitch_1	0	1	0
130	NVSwitch_1	pin_status	3	HVDD Power Enablement	1	fpga_regtbl_wrapper	FPGA_NVSW_1_HVDD_PWR_EN NVSwitch_1	0	1	0
131	NVSwitch_1	pin_status	4	HVDD PGOOD Status	1	fpga_regtbl_wrapper	NVSW_1_HVDD_PG NVSwitch_1	0	1	0
132	NVSwitch_1	pin_status	6	DVDD Power Enablement	1	fpga_regtbl_wrapper	FPGA_NVSW_1_DVDD_PWR_EN NVSwitch_1	0	1	0
133	NVSwitch_1	pin_status	7	DVDD PGOOD Status	1	fpga_regtbl_wrapper	NVSW_1_DVDD_PG NVSwitch_1	0	1	0
134	NVSwitch_1	pin_status	9	VDD Power Enablement	1	fpga_regtbl_wrapper	FPGA_NVSW_1_VDD_PWR_EN NVSwitch_1	0	1	0
135	NVSwitch_1	pin_status	10	VDD PGOOD Status	1	fpga_regtbl_wrapper	NVSW_1_VDD_PG NVSwitch_1	0	1	0
136	NVSwitch_1	pin_status	12	3V3 Power Enablement	1	fpga_regtbl_wrapper	FPGA_NVSW_1_3V3_PWR_EN NVSwitch_1	0	1	0
137	NVSwitch_1	pin_status	13	3V3 PGOOD Status	1	fpga_regtbl_wrapper	NVSW_1_3V3_PG NVSwitch_1	0	1	0
138	NVSwitch_1	pin_status	15	5V Power Enablement	1	fpga_regtbl_wrapper	FPGA_NVSW_1_5V_PWR_EN NVSwitch_1	0	1	0
139	NVSwitch_1	pin_status	16	5V PGOOD Status	1	fpga_regtbl_wrapper	NVSW_1_5V_PG NVSwitch_1	0	1	0
140	NVSwitch_1	pin_status	19	PERST Status	1	fpga_regtbl_wrapper	FPGA_NVSW1_PERST_L NVSwitch_1	0	1	0
141	NVSwitch_1	interface_status	0	I2CDirect Status	link-up	i2c_wrapper	i2c_access NVSwitch_1	0	link-up	0
142	NVSwitch_1	interface_status	1	SPI Flash	0	mctp-vdm-util-wrapper	AP0_SPI_READ_FAILURE NVSwitch_1	0	0	0
143	NVSwitch_1	interface_status	3	PCIe AER Status non-fatal error count	0	pcie_wrapper	pcie_non_fatal_error_count NVSwitch_1	0	0	0
144	NVSwitch_1	interface_status	4	PCIe AER Status fatal error count	0	pcie_wrapper	pcie_fatal_error_count NVSwitch_1	0	0	0
145	NVSwitch_1	protocol_status	0	I2CDirect Status	link-up	i2c_wrapper	i2c_access NVSwitch_1	0	link-up	0
146	NVSwitch_1	firmware_status	0	Authentication Status	1	mctp-vdm-util-wrapper	AP0_PRIMARY_FW_AUTHENTICATION_STATUS NVSwitch_1	0	1	0
147	NVSwitch_1	firmware_status	1	Boot Completion Status	0	mctp-vdm-util-wrapper	AP0_BOOTCOMPLETE_TIMEOUT NVSwitch_1	0	0	0
148	NVSwitch_1	firmware_status	2	Heartbeat Status	0	mctp-vdm-util-wrapper	AP0_HEARTBEAT_TIMEOUT NVSwitch_1	0	0	0
149	NVSwitch_1	firmware_status	5	WriteProtect Status		nvlink-wp-status-wrapper	nvswitch_eeprom_wp_status NVSwitch_1	0		0
150	NVSwitch_1	data_dump	0	Boot status		mctp-vdm-util-wrapper	query_boot_status NVSwitch_1	0		0
151	NVSwitch_1	data_dump	2	Download log		mctp-vdm-util-wrapper	download_log NVSwitch_1	0		0
152	NVSwitch_2	pin_status	0	VDD1V8 Power Enablement	1	fpga_regtbl_wrapper	FPGA_NVSW_2_VDD1V8_PWR_EN NVSwitch_2	0	1	0
153	NVSwitch_2	pin_status	1	VDD1V8 PGOOD Status	1	fpga_regtbl_wrapper	NVSW_2_VDD1V8_PG NVSwitch_2	0	1	0
154	NVSwitch_2	pin_status	3	HVDD Power Enablement	1	fpga_regtbl_wrapper	FPGA_NVSW_2_HVDD_PWR_EN NVSwitch_2	0	1	0
155	NVSwitch_2	pin_status	4	HVDD PGOOD Status	1	fpga_regtbl_wrapper	NVSW_2_HVDD_PG NVSwitch_2	0	1	0
156	NVSwitch_2	pin_status	6	DVDD Power Enablement	1	fpga_regtbl_wrapper	FPGA_NVSW_2_DVDD_PWR_EN NVSwitch_2	0	1	0
157	NVSwitch_2	pin_status	7	DVDD PGOOD Status	1	fpga_regtbl_wrapper	NVSW_2_DVDD_PG NVSwitch_2	0	1	0
158	NVSwitch_2	pin_status	9	VDD Power Enablement	1	fpga_regtbl_wrapper	FPGA_NVSW_2_VDD_PWR_EN NVSwitch_2	0	1	0
159	NVSwitch_2	pin_status	10	VDD PGOOD Status	1	fpga_regtbl_wrapper	NVSW_2_VDD_PG NVSwitch_2	0	1	0
160	NVSwitch_2	pin_status	12	3V3 Power Enablement	1	fpga_regtbl_wrapper	FPGA_NVSW_2_3V3_PWR_EN NVSwitch_2	0	1	0
161	NVSwitch_2	pin_status	13	3V3 PGOOD Status	1	fpga_regtbl_wrapper	NVSW_2_3V3_PG NVSwitch_2	0	1	0
162	NVSwitch_2	pin_status	15	5V Power Enablement	1	fpga_regtbl_wrapper	FPGA_NVSW_2_5V_PWR_EN NVSwitch_2	0	1	0
163	NVSwitch_2	pin_status	16	5V PGOOD Status	1	fpga_regtbl_wrapper	NVSW_2_5V_PG NVSwitch_2	0	1	0
164	NVSwitch_2	pin_status	19	PERST Status	1	fpga_regtbl_wrapper	FPGA_NVSW2_PERST_L NVSwitch_2	0	1	0
165	NVSwitch_2	interface_status	0	I2CDirect Status	link-up	i2c_wrapper	i2c_access NVSwitch_2	0	link-up	0
166	NVSwitch_2	interface_status	1	SPI Flash	0	mctp-vdm-util-wrapper	AP0_SPI_READ_FAILURE NVSwitch_2	0	0	0
167	NVSwitch_2	interface_status	3	PCIe AER Status non-fatal error count	0	pcie_wrapper	pcie_non_fatal_error_count NVSwitch_2	0	0	0
168	NVSwitch_2	interface_status	4	PCIe AER Status fatal error count	0	pcie_wrapper	pcie_fatal_error_count NVSwitch_2	0	0	0
169	NVSwitch_2	protocol_status	0	I2CDirect Status	link-up	i2c_wrapper	i2c_access NVSwitch_2	0	link-up	0
170	NVSwitch_2	firmware_status	0	Authentication Status	1	mctp-vdm-util-wrapper	AP0_PRIMARY_FW_AUTHENTICATION_STATUS NVSwitch_2	0	1	0
171	NVSwitch_2	firmware_status	1	Boot Completion Status	0	mctp-vdm-util-wrapper	AP0_BOOTCOMPLETE_TIMEOUT NVSwitch_2	0	0	0
172	NVSwitch_2	firmware_status	2	Heartbeat Status	0	mctp-vdm-util-wrapper	AP0_HEARTBEAT_TIMEOUT NVSwitch_2	0	0	0
173	NVSwitch_2	firmware_status	5	WriteProtect Status		nvlink-wp-status-wrapper	nvswitch_eeprom_wp_status NVSwitch_2	0		0
174	NVSwitch_2	data_dump	0	Boot status		mctp-vdm-util-wrapper	query_boot_status NVSwitch_2	0		0
175	NVSwitch_2	data_dump	2	Download log		mctp-vdm-util-wrapper	download_log NVSwitch_2	0		0
176	NVSwitch_3	pin_status	0	VDD1V8 Power Enablement	1	fpga_regtbl_wrapper	FPGA_NVSW_3_VDD1V8_PWR_EN NVSwitch_3	0	1	0
177	NVSwitch_3	pin_status	1	VDD1V8 PGOOD Status	1	fpga_regtbl_wrapper	NVSW_3_VDD1V8_PG NVSwitch_3	0	1	0
178	NVSwitch_3	pin_status	3	HVDD Power Enablement	1	fpga_regtbl_wrapper	FPGA_NVSW_3_HVDD_PWR_EN NVSwitch_3	0	1	0
179	NVSwitch_3	pin_status	4	HVDD PGOOD Status	1	fpga_regtbl_wrapper	NVSW_3_HVDD_PG NVSwitch_3	0	1	0
180	NVSwitch_3	pin_status	6	DVDD Power Enablement	1	fpga_regtbl_wrapper	FPGA_NVSW_3_DVDD_PWR_EN NVSwitch_3	0	1	0
181	NVSwitch_3	pin_status	7	DVDD PGOOD Status	1	fpga_regtbl_wrapper	NVSW_3_DVDD_PG NVSwitch_3	0	1	0
182	NVSwitch_3	pin_status	9	VDD Power Enablement	1	fpga_regtbl_wrapper	FPGA_NVSW_3_VDD_PWR_EN NVSwitch_3	0	1	0
183	NVSwitch_3	pin_status	10	VDD PGOOD Status	1	fpga_regtbl_wrapper	NVSW_3_VDD_PG NVSwitch_3	0	1	0
184	NVSwitch_3	pin_status	12	3V3 Power Enablement	1	fpga_regtbl_wrapper	FPGA_NVSW_3_3V3_PWR_EN NVSwitch_3	0	1	0
185	NVSwitch_3	pin_status	13	3V3 PGOOD Status	1	fpga_regtbl_wrapper	NVSW_3_3V3_PG NVSwitch_3	0	1	0
186	NVSwitch_3	pin_status	15	5V Power Enablement	1	fpga_regtbl_wrapper	FPGA_NVSW_3_5V_PWR_EN NVSwitch_3	0	1	0
187	NVSwitch_3	pin_status	16	5V PGOOD Status	1	fpga_regtbl_wrapper	NVSW_3_5V_PG NVSwitch_3	0	1	0
188	NVSwitch_3	pin_status	19	PERST Status	1	fpga_regtbl_wrapper	FPGA_NVSW3_PERST_L NVSwitch_3	0	1	0
189	NVSwitch_3	interface_status	0	I2CDirect Status	link-up	i2c_wrapper	i2c_access NVSwitch_3	0	link-up	0
190	NVSwitch_3	interface_status	1	SPI Flash	0	mctp-vdm-util-wrapper	AP0_SPI_READ_FAILURE NVSwitch_3	0	0	0
191	NVSwitch_3	interface_status	3	PCIe AER Status non-fatal error count	0	pcie_wrapper	pcie_non_fatal_error_count NVSwitch_3	0	0	0
192	NVSwitch_3	interface_status	4	PCIe AER Status fatal error count	0	pcie_wrapper	pcie_fatal_error_count NVSwitch_3	0	0	0
193	NVSwitch_3	protocol_status	0	I2CDirect Status	link-up	i2c_wrapper	i2c_access NVSwitch_3	0	link-up	0
194	NVSwitch_3	firmware_status	0	Authentication Status	1	mctp-vdm-util-wrapper	AP0_PRIMARY_FW_AUTHENTICATION_STATUS NVSwitch_3	0	1	0
195	NVSwitch_3	firmware_status	1	Boot Completion Status	0	mctp-vdm-util-wrapper	AP0_BOOTCOMPLETE_TIMEOUT NVSwitch_3	0	0	0
196	NVSwitch_3	firmware_status	2	Heartbeat Status	0	mctp-vdm-util-wrapper	AP0_HEARTBEAT_TIMEOUT NVSwitch_3	0	0	0
197	NVSwitch_3	firmware_status	5	WriteProtect Status		nvlink-wp-status-wrapper	nvswitch_eeprom_wp_status NVSwitch_3	0		0
198	NVSwitch_3	data_dump	0	Boot status		mctp-vdm-util-wrapper	query_boot_status NVSwitch_3	0		0
199	NVSwitch_3	data_dump	2	Download log		mctp-vdm-util-wrapper	download_log NVSwitch_3	0		0
200	PCIeRetimer_0	pin_status	1	0V9 Power Enablement	1	fpga_regtbl_wrapper	FPGA_RET_0_0V9_PWR_EN PCIeRetimer_0	0	1	0
201	PCIeRetimer_0	pin_status	2	0V9 PGOOD Status	1	fpga_regtbl_wrapper	RET0_0_0V9_PG PCIeRetimer_0	0	1	0
202	PCIeRetimer_0	pin_status	4	1V8LDO Power Enablement	1	fpga_regtbl_wrapper	FPGA_RET_0_1V8LDO_PWR_EN PCIeRetimer_0	0	1	0
203	PCIeRetimer_0	pin_status	5	1V8LDO PGOOD Status	1	fpga_regtbl_wrapper	RET_0_1V8LDO_PG PCIeRetimer_0	0	1	0
204	PCIeRetimer_0	pin_status	6	1V8LDO PGOOD Interrupt	0	fpga_regtbl_wrapper	RET_0_1V8LDO_INT_PG PCIeRetimer_0	0	0	0
205	PCIeRetimer_0	pin_status	7	1V8VDD Power Enablement	1	fpga_regtbl_wrapper	FPGA_RET_0_1V8VDD_PWR_EN PCIeRetimer_0	0	1	0
206	PCIeRetimer_0	pin_status	8	1V8VDD PGOOD Status	1	fpga_regtbl_wrapper	RET_0_1V8VDD_PG PCIeRetimer_0	0	1	0
207	PCIeRetimer_0	interface_status	1	PCIe AER Status non-fatal error count	0	pcie_wrapper	pcie_non_fatal_error_count PCIeRetimer_0	0	0	0
208	PCIeRetimer_0	interface_status	2	PCIe AER Status fatal error count	0	pcie_wrapper	pcie_fatal_error_count PCIeRetimer_0	0	0	0
209	PCIeRetimer_0	interface_status	3	PCIe AER Status uncorrectable pcie errors combined	0	pcie_wrapper	pcie_uncorrectable_error_bitmap PCIeRetimer_0	0	0	0
210	PCIeRetimer_0	interface_status	4	PCIe Status	17	pcie_wrapper	pcie_LTSSM_state PCIeRetimer_0	0	17	0
211	PCIeRetimer_0	firmware_status	1	WriteProtect Status		nvlink-wp-status-wrapper	pcieretimer_eeprom_wp_status PCIeRetimer_0	0		0
212	PCIeRetimer_1	pin_status	1	0V9 Power Enablement	1	fpga_regtbl_wrapper	FPGA_RET_1_0V9_PWR_EN PCIeRetimer_1	0	1	0
213	PCIeRetimer_1	pin_status	2	0V9 PGOOD Status	1	fpga_regtbl_wrapper	RET1_1_0V9_PG PCIeRetimer_1	0	1	0
214	PCIeRetimer_1	pin_status	4	1V8LDO Power Enablement	1	fpga_regtbl_wrapper	FPGA_RET_1_1V8LDO_PWR_EN PCIeRetimer_1	0	1	0
215	PCIeRetimer_1	pin_status	5	1V8LDO PGOOD Status	1	fpga_regtbl_wrapper	RET_1_1V8LDO_PG PCIeRetimer_1	0	1	0
216	PCIeRetimer_1	pin_status	6	1V8LDO PGOOD Interrupt	0	fpga_regtbl_wrapper	RET_1_1V8LDO_INT_PG PCIeRetimer_1	0	0	0
217	PCIeRetimer_1	pin_status	7	1V8VDD Power Enablement	1	fpga_regtbl_wrapper	FPGA_RET_1_1V8VDD_PWR_EN PCIeRetimer_1	0	1	0
218	PCIeRetimer_1	pin_status	8	1V8VDD PGOOD Status	1	fpga_regtbl_wrapper	RET_1_1V8VDD_PG PCIeRetimer_1	0	1	0
219	PCIeRetimer_1	interface_status	1	PCIe AER Status non-fatal error count	0	pcie_wrapper	pcie_non_fatal_error_count PCIeRetimer_1	0	0	0
220	PCIeRetimer_1	interface_status	2	PCIe AER Status fatal error count	0	pcie_wrapper	pcie_fatal_error_count PCIeRetimer_1	0	0	0
221	PCIeRetimer_1	interface_status	3	PCIe AER Status uncorrectable pcie errors combined	0	pcie_wrapper	pcie_uncorrectable_error_bitmap PCIeRetimer_1	0	0	0
222	PCIeRetimer_1	interface_status	4	PCIe Status	17	pcie_wrapper	pcie_LTSSM_state PCIeRetimer_1	0	17	0
223	PCIeRetimer_1	firmware_status	1	WriteProtect Status		nvlink-wp-status-wrapper	pcieretimer_eeprom_wp_status PCIeRetimer_1	0		0
224	PCIeRetimer_2	pin_status	1	0V9 Power Enablement	1	fpga_regtbl_wrapper	FPGA_RET_2_0V9_PWR_EN PCIeRetimer_2	0	1	0
225	PCIeRetimer_2	pin_status	2	0V9 PGOOD Status	1	fpga_regtbl_wrapper	RET2_2_0V9_PG PCIeRetimer_2	0	1	0
226	PCIeRetimer_2	pin_status	4	1V8LDO Power Enablement	1	fpga_regtbl_wrapper	FPGA_RET_2_1V8LDO_PWR_EN PCIeRetimer_2	0	1	0
227	PCIeRetimer_2	pin_status	5	1V8LDO PGOOD Status	1	fpga_regtbl_wrapper	RET_2_1V8LDO_PG PCIeRetimer_2	0	1	0
228	PCIeRetimer_2	pin_status	6	1V8LDO PGOOD Interrupt	0	fpga_regtbl_wrapper	RET_2_1V8LDO_INT_PG PCIeRetimer_2	0	0	0
229	PCIeRetimer_2	pin_status	7	1V8VDD Power Enablement	1	fpga_regtbl_wrapper	FPGA_RET_2_1V8VDD_PWR_EN PCIeRetimer_2	0	1	0
230	PCIeRetimer_2	pin_status	8	1V8VDD PGOOD Status	1	fpga_regtbl_wrapper	RET_2_1V8VDD_PG PCIeRetimer_2	0	1	0
231	PCIeRetimer_2	interface_status	1	PCIe AER Status non-fatal error count	0	pcie_wrapper	pcie_non_fatal_error_count PCIeRetimer_2	0	0	0
232	PCIeRetimer_2	interface_status	2	PCIe AER Status fatal error count	0	pcie_wrapper	pcie_fatal_error_count PCIeRetimer_2	0	0	0
233	PCIeRetimer_2	interface_status	3	PCIe AER Status uncorrectable pcie errors combined	0	pcie_wrapper	pcie_uncorrectable_error_bitmap PCIeRetimer_2	0	0	0
234	PCIeRetimer_2	interface_status	4	PCIe Status	17	pcie_wrapper	pcie_LTSSM_state PCIeRetimer_2	0	17	0
235	PCIeRetimer_2	firmware_status	1	WriteProtect Status		nvlink-wp-status-wrapper	pcieretimer_eeprom_wp_status PCIeRetimer_2	0		0
236	PCIeRetimer_3	pin_status	1	0V9 Power Enablement	1	fpga_regtbl_wrapper	FPGA_RET_3_0V9_PWR_EN PCIeRetimer_3	0	1	0
237	PCIeRetimer_3	pin_status	2	0V9 PGOOD Status	1	fpga_regtbl_wrapper	RET3_3_0V9_PG PCIeRetimer_3	0	1	0
238	PCIeRetimer_3	pin_status	4	1V8LDO Power Enablement	1	fpga_regtbl_wrapper	FPGA_RET_3_1V8LDO_PWR_EN PCIeRetimer_3	0	1	0
239	PCIeRetimer_3	pin_status	5	1V8LDO PGOOD Status	1	fpga_regtbl_wrapper	RET_3_1V8LDO_PG PCIeRetimer_3	0	1	0
240	PCIeRetimer_3	pin_status	6	1V8LDO PGOOD Interrupt	0	fpga_regtbl_wrapper	RET_3_1V8LDO_INT_PG PCIeRetimer_3	0	0	0
241	PCIeRetimer_3	pin_status	7	1V8VDD Power Enablement	1	fpga_regtbl_wrapper	FPGA_RET_3_1V8VDD_PWR_EN PCIeRetimer_3	0	1	0
242	PCIeRetimer_3	pin_status	8	1V8VDD PGOOD Status	1	fpga_regtbl_wrapper	RET_3_1V8VDD_PG PCIeRetimer_3	0	1	0
243	PCIeRetimer_3	interface_status	1	PCIe AER Status non-fatal error count	0	pcie_wrapper	pcie_non_fatal_error_count PCIeRetimer_3	0	0	0
244	PCIeRetimer_3	interface_status	2	PCIe AER Status fatal error count	0	pcie_wrapper	pcie_fatal_error_count PCIeRetimer_3	0	0	0
245	PCIeRetimer_3	interface_status	3	PCIe AER Status uncorrectable pcie errors combined	0	pcie_wrapper	pcie_uncorrectable_error_bitmap PCIeRetimer_3	0	0	0
246	PCIeRetimer_3	interface_status	4	PCIe Status	17	pcie_wrapper	pcie_LTSSM_state PCIeRetimer_3	0	17	0
247	PCIeRetimer_3	firmware_status	1	WriteProtect Status		nvlink-wp-status-wrapper	pcieretimer_eeprom_wp_status PCIeRetimer_3	0		0
248	PCIeRetimer_4	pin_status	1	0V9 Power Enablement	1	fpga_regtbl_wrapper	FPGA_RET_4_0V9_PWR_EN PCIeRetimer_4	0	1	0
249	PCIeRetimer_4	pin_status	2	0V9 PGOOD Status	1	fpga_regtbl_wrapper	RET4_4_0V9_PG PCIeRetimer_4	0	1	0
250	PCIeRetimer_4	pin_status	4	1V8LDO Power Enablement	1	fpga_regtbl_wrapper	FPGA_RET_4_1V8LDO_PWR_EN PCIeRetimer_4	0	1	0
251	PCIeRetimer_4	pin_status	5	1V8LDO PGOOD Status	1	fpga_regtbl_wrapper	RET_4_1V8LDO_PG PCIeRetimer_4	0	1	0
252	PCIeRetimer_4	pin_status	6	1V8LDO PGOOD Interrupt	0	fpga_regtbl_wrapper	RET_4_1V8LDO_INT_PG PCIeRetimer_4	0	0	0
253	PCIeRetimer_4	pin_status	7	1V8VDD Power Enablement	1	fpga_regtbl_wrapper	FPGA_RET_4_1V8VDD_PWR_EN PCIeRetimer_4	0	1	0
254	PCIeRetimer_4	pin_status	8	1V8VDD PGOOD Status	1	fpga_regtbl_wrapper	RET_4_1V8VDD_PG PCIeRetimer_4	0	1	0
255	PCIeRetimer_4	interface_status	1	PCIe AER Status non-fatal error count	0	pcie_wrapper	pcie_non_fatal_error_count PCIeRetimer_4	0	0	0
256	PCIeRetimer_4	interface_status	2	PCIe AER Status fatal error count	0	pcie_wrapper	pcie_fatal_error_count PCIeRetimer_4	0	0	0
257	PCIeRetimer_4	interface_status	3	PCIe AER Status uncorrectable pcie errors combined	0	pcie_wrapper	pcie_uncorrectable_error_bitmap PCIeRetimer_4	0	0	0
258	PCIeRetimer_4	interface_status	4	PCIe Status	17	pcie_wrapper	pcie_LTSSM_state PCIeRetimer_4	0	17	0
259	PCIeRetimer_4	firmware_status	1	WriteProtect Status		nvlink-wp-status-wrapper	pcieretimer_eeprom_wp_status PCIeRetimer_4	0		0
260	PCIeRetimer_5	pin_status	1	0V9 Power Enablement	1	fpga_regtbl_wrapper	FPGA_RET_5_0V9_PWR_EN PCIeRetimer_5	0	1	0
261	PCIeRetimer_5	pin_status	2	0V9 PGOOD Status	1	fpga_regtbl_wrapper	RET5_5_0V9_PG PCIeRetimer_5	0	1	0
262	PCIeRetimer_5	pin_status	4	1V8LDO Power Enablement	1	fpga_regtbl_wrapper	FPGA_RET_5_1V8LDO_PWR_EN PCIeRetimer_5	0	1	0
263	PCIeRetimer_5	pin_status	5	1V8LDO PGOOD Status	1	fpga_regtbl_wrapper	RET_5_1V8LDO_PG PCIeRetimer_5	0	1	0
264	PCIeRetimer_5	pin_status	6	1V8LDO PGOOD Interrupt	0	fpga_regtbl_wrapper	RET_5_1V8LDO_INT_PG PCIeRetimer_5	0	0	0
265	PCIeRetimer_5	pin_status	7	1V8VDD Power Enablement	1	fpga_regtbl_wrapper	FPGA_RET_5_1V8VDD_PWR_EN PCIeRetimer_5	0	1	0
266	PCIeRetimer_5	pin_status	8	1V8VDD PGOOD Status	1	fpga_regtbl_wrapper	RET_5_1V8VDD_PG PCIeRetimer_5	0	1	0
267	PCIeRetimer_5	interface_status	1	PCIe AER Status non-fatal error count	0	pcie_wrapper	pcie_non_fatal_error_count PCIeRetimer_5	0	0	0
268	PCIeRetimer_5	interface_status	2	PCIe AER Status fatal error count	0	pcie_wrapper	pcie_fatal_error_count PCIeRetimer_5	0	0	0
269	PCIeRetimer_5	interface_status	3	PCIe AER Status uncorrectable pcie errors combined	0	pcie_wrapper	pcie_uncorrectable_error_bitmap PCIeRetimer_5	0	0	0
270	PCIeRetimer_5	interface_status	4	PCIe Status	17	pcie_wrapper	pcie_LTSSM_state PCIeRetimer_5	0	17	0
271	PCIeRetimer_5	firmware_status	1	WriteProtect Status		nvlink-wp-status-wrapper	pcieretimer_eeprom_wp_status PCIeRetimer_5	0		0
272	PCIeRetimer_6	pin_status	1	0V9 Power Enablement	1	fpga_regtbl_wrapper	FPGA_RET_6_0V9_PWR_EN PCIeRetimer_6	0	1	0
273	PCIeRetimer_6	pin_status	2	0V9 PGOOD Status	1	fpga_regtbl_wrapper	RET6_6_0V9_PG PCIeRetimer_6	0	1	0
274	PCIeRetimer_6	pin_status	4	1V8LDO Power Enablement	1	fpga_regtbl_wrapper	FPGA_RET_6_1V8LDO_PWR_EN PCIeRetimer_6	0	1	0
275	PCIeRetimer_6	pin_status	5	1V8LDO PGOOD Status	1	fpga_regtbl_wrapper	RET_6_1V8LDO_PG PCIeRetimer_6	0	1	0
276	PCIeRetimer_6	pin_status	6	1V8LDO PGOOD Interrupt	0	fpga_regtbl_wrapper	RET_6_1V8LDO_INT_PG PCIeRetimer_6	0	0	0
277	PCIeRetimer_6	pin_status	7	1V8VDD Power Enablement	1	fpga_regtbl_wrapper	FPGA_RET_6_1V8VDD_PWR_EN PCIeRetimer_6	0	1	0
278	PCIeRetimer_6	pin_status	8	1V8VDD PGOOD Status	1	fpga_regtbl_wrapper	RET_6_1V8VDD_PG PCIeRetimer_6	0	1	0
279	PCIeRetimer_6	interface_status	1	PCIe AER Status non-fatal error count	0	pcie_wrapper	pcie_non_fatal_error_count PCIeRetimer_6	0	0	0
280	PCIeRetimer_6	interface_status	2	PCIe AER Status fatal error count	0	pcie_wrapper	pcie_fatal_error_count PCIeRetimer_6	0	0	0
281	PCIeRetimer_6	interface_status	3	PCIe AER Status uncorrectable pcie errors combined	0	pcie_wrapper	pcie_uncorrectable_error_bitmap PCIeRetimer_6	0	0	0
282	PCIeRetimer_6	interface_status	4	PCIe Status	17	pcie_wrapper	pcie_LTSSM_state PCIeRetimer_6	0	17	0
283	PCIeRetimer_6	firmware_status	1	WriteProtect Status		nvlink-wp-status-wrapper	pcieretimer_eeprom_wp_status PCIeRetimer_6	0		0
284	PCIeRetimer_7	pin_status	1	0V9 Power Enablement	1	fpga_regtbl_wrapper	FPGA_RET_7_0V9_PWR_EN PCIeRetimer_7	0	1	0
285	PCIeRetimer_7	pin_status	2	0V9 PGOOD Status	1	fpga_regtbl_wrapper	RET7_7_0V9_PG PCIeRetimer_7	0	1	0
286	PCIeRetimer_7	pin_status	4	1V8LDO Power Enablement	1	fpga_regtbl_wrapper	FPGA_RET_7_1V8LDO_PWR_EN PCIeRetimer_7	0	1	0
287	PCIeRetimer_7	pin_status	5	1V8LDO PGOOD Status	1	fpga_regtbl_wrapper	RET_7_1V8LDO_PG PCIeRetimer_7	0	1	0
288	PCIeRetimer_7	pin_status	6	1V8LDO PGOOD Interrupt	0	fpga_regtbl_wrapper	RET_7_1V8LDO_INT_PG PCIeRetimer_7	0	0	0
289	PCIeRetimer_7	pin_status	7	1V8VDD Power Enablement	1	fpga_regtbl_wrapper	FPGA_RET_7_1V8VDD_PWR_EN PCIeRetimer_7	0	1	0
290	PCIeRetimer_7	pin_status	8	1V8VDD PGOOD Status	1	fpga_regtbl_wrapper	RET_7_1V8VDD_PG PCIeRetimer_7	0	1	0
291	PCIeRetimer_7	interface_status	1	PCIe AER Status non-fatal error count	0	pcie_wrapper	pcie_non_fatal_error_count PCIeRetimer_7	0	0	0
292	PCIeRetimer_7	interface_status	2	PCIe AER Status fatal error count	0	pcie_wrapper	pcie_fatal_error_count PCIeRetimer_7	0	0	0
293	PCIeRetimer_7	interface_status	3	PCIe AER Status uncorrectable pcie errors combined	0	pcie_wrapper	pcie_uncorrectable_error_bitmap PCIeRetimer_7	0	0	0
294	PCIeRetimer_7	interface_status	4	PCIe Status	17	pcie_wrapper	pcie_LTSSM_state PCIeRetimer_7	0	17	0
295	PCIeRetimer_7	firmware_status	1	WriteProtect Status		nvlink-wp-status-wrapper	pcieretimer_eeprom_wp_status PCIeRetimer_7	0		0
296	PCIeSwitch_0	pin_status	0	Power Enablement	1	fpga_regtbl_wrapper	PEX_SWITCH_PWR_EN PCIeSwitch_0	0	1	0
297	PCIeSwitch_0	pin_status	2	0V8 PGOOD Status	1	fpga_regtbl_wrapper	PEXSW_PEX0V8_PG PCIeSwitch_0	0	1	0
298	PCIeSwitch_0	interface_status	0	I2CDirect Status	link-up	i2c_wrapper	i2c_access PCIeSwitch_0	0	link-up	0
299	PCIeSwitch_0	interface_status	1	SPI Flash	0	mctp-vdm-util-wrapper	AP0_SPI_READ_FAILURE PCIeSwitch_0	0	0	0
300	PCIeSwitch_0	interface_status	3	PCIe AER Status non-fatal error count	0	pcie_wrapper	pcie_non_fatal_error_count PCIeSwitch_0	0	0	0
301	PCIeSwitch_0	interface_status	4	PCIe AER Status fatal error count	0	pcie_wrapper	pcie_fatal_error_count PCIeSwitch_0	0	0	0
302	PCIeSwitch_0	interface_status	5	PCIe AER Status uncorrectable pcie errors combined	0	pcie_wrapper	pcie_uncorrectable_error_bitmap PCIeSwitch_0	0	0	0
303	PCIeSwitch_0	interface_status	6	PCIe Status	17	pcie_wrapper	pcie_LTSSM_state PCIeSwitch_0	0	17	0
304	PCIeSwitch_0	protocol_status	0	I2CDirect Status	link-up	i2c_wrapper	i2c_access PCIeSwitch_0	0	link-up	0
305	PCIeSwitch_0	firmware_status	0	Authentication Status	1	mctp-vdm-util-wrapper	AP0_PRIMARY_FW_AUTHENTICATION_STATUS PCIeSwitch_0	0	1	0
306	PCIeSwitch_0	firmware_status	1	Boot Completion Status	0	mctp-vdm-util-wrapper	AP0_BOOTCOMPLETE_TIMEOUT PCIeSwitch_0	0	0	0
307	PCIeSwitch_0	firmware_status	2	Heartbeat Status	0	mctp-vdm-util-wrapper	AP0_HEARTBEAT_TIMEOUT PCIeSwitch_0	0	0	0
308	PCIeSwitch_0	firmware_status	4	EEPROM WriteProtect Status		nvlink-wp-status-wrapper	pcieswitch_eeprom_wp_status PCIeSwitch_0	0		0
309	PCIeSwitch_0	firmware_status	5	SPI Flash WriteProtect Status		nvlink-wp-status-wrapper	pcieswitch_spi_mode_status PCIeSwitch_0	0		0
310	PCIeSwitch_0	data_dump	0	Boot status		mctp-vdm-util-wrapper	query_boot_status PCIeSwitch_0	0		0
311	PCIeSwitch_0	data_dump	1	Download log		mctp-vdm-util-wrapper	download_log PCIeSwitch_0	0		0
312	FPGA_0	interface_status	0	I2CDirect Status	link-up	i2c_wrapper	i2c_access FPGA_0	0	link-up	0
313	FPGA_0	interface_status	1	SPI Flash	0	mctp-vdm-util-wrapper	AP0_SPI_READ_FAILURE FPGA_0	0	0	0
314	FPGA_0	interface_status	2	PCIe AER Status non-fatal error count	0	pcie_wrapper	pcie_non_fatal_error_count FPGA_0	0	0	0
315	FPGA_0	interface_status	3	PCIe AER Status fatal error count	0	pcie_wrapper	pcie_fatal_error_count FPGA_0	0	0	0
316	FPGA_0	interface_status	4	PCIe AER Status uncorrectable pcie errors combined	0	pcie_wrapper	pcie_uncorrectable_error_bitmap FPGA_0	0	0	0
317	FPGA_0	interface_status	5	PCIe Status	17	pcie_wrapper	pcie_LTSSM_state FPGA_0	0	17	0
318	FPGA_0	protocol_status	0	I2CDirect Status	link-up	i2c_wrapper	i2c_access FPGA_0	0	link-up	0
319	FPGA_0	firmware_status	0	Authentication Status	1	mctp-vdm-util-wrapper	AP0_PRIMARY_FW_AUTHENTICATION_STATUS FPGA_0	0	1	0
320	FPGA_0	firmware_status	1	Boot Completion Status	0	mctp-vdm-util-wrapper	AP0_BOOTCOMPLETE_TIMEOUT FPGA_0	0	0	0
321	FPGA_0	firmware_status	2	Heartbeat Status	0	mctp-vdm-util-wrapper	AP0_HEARTBEAT_TIMEOUT FPGA_0	0	0	0
322	FPGA_0	data_dump	0	Boot status		mctp-vdm-util-wrapper	query_boot_status FPGA_0	0		0
323	FPGA_0	data_dump	1	Download log		mctp-vdm-util-wrapper	download_log FPGA_0	0		0
324	ERoT_GPU_SXM_1	pin_status	0	Fatal Error Status	1	fpga_regtbl_wrapper	GPU1_EROT_FATAL_ERROR_N GPU_SXM_1	0	1	0
325	ERoT_GPU_SXM_1	pin_status	1	Recovery Status	1	fpga_regtbl_wrapper	FPGA_SXM1_EROT_RECOV_L GPU_SXM_1	0	1	0
326	ERoT_GPU_SXM_1	interface_status	0	I2CDirect Status	link-up	i2c_wrapper	i2c_access ERoT_GPU_SXM_1	0	link-up	0
327	ERoT_GPU_SXM_1	protocol_status	0	I2CDirect Status	link-up	i2c_wrapper	i2c_access ERoT_GPU_SXM_1	0	link-up	0
328	ERoT_GPU_SXM_1	firmware_status	0	Authentication Status	0	mctp-vdm-util-wrapper	EC_TAG0_AUTH_ERROR GPU_SXM_1	0	0	0
329	ERoT_GPU_SXM_1	data_dump	0	Boot status		mctp-vdm-util-wrapper	query_boot_status GPU_SXM_1	0		0
330	ERoT_GPU_SXM_1	data_dump	1	Download log		mctp-vdm-util-wrapper	download_log GPU_SXM_1	0		0
331	ERoT_GPU_SXM_2	pin_status	0	Fatal Error Status	1	fpga_regtbl_wrapper	GPU2_EROT_FATAL_ERROR_N GPU_SXM_2	0	1	0
332	ERoT_GPU_SXM_2	pin_status	1	Recovery Status	1	fpga_regtbl_wrapper	FPGA_SXM2_EROT_RECOV_L GPU_SXM_2	0	1	0
333	ERoT_GPU_SXM_2	interface_status	0	I2CDirect Status	link-up	i2c_wrapper	i2c_access ERoT_GPU_SXM_2	0	link-up	0
334	ERoT_GPU_SXM_2	protocol_status	0	I2CDirect Status	link-up	i2c_wrapper	i2c_access ERoT_GPU_SXM_2	0	link-up	0
335	ERoT_GPU_SXM_2	firmware_status	0	Authentication Status	0	mctp-vdm-util-wrapper	EC_TAG0_AUTH_ERROR GPU_SXM_2	0	0	0
336	ERoT_GPU_SXM_2	data_dump	0	Boot status		mctp-vdm-util-wrapper	query_boot_status GPU_SXM_2	0		0
337	ERoT_GPU_SXM_2	data_dump	1	Download log		mctp-vdm-util-wrapper	download_log GPU_SXM_2	0		0
338	ERoT_GPU_SXM_3	pin_status	0	Fatal Error Status	1	fpga_regtbl_wrapper	GPU3_EROT_FATAL_ERROR_N GPU_SXM_3	0	1	0
339	ERoT_GPU_SXM_3	pin_status	1	Recovery Status	1	fpga_regtbl_wrapper	FPGA_SXM3_EROT_RECOV_L GPU_SXM_3	0	1	0
340	ERoT_GPU_SXM_3	interface_status	0	I2CDirect Status	link-up	i2c_wrapper	i2c_access ERoT_GPU_SXM_3	0	link-up	0
341	ERoT_GPU_SXM_3	protocol_status	0	I2CDirect Status	link-up	i2c_wrapper	i2c_access ERoT_GPU_SXM_3	0	link-up	0
342	ERoT_GPU_SXM_3	firmware_status	0	Authentication Status	0	mctp-vdm-util-wrapper	EC_TAG0_AUTH_ERROR GPU_SXM_3	0	0	0
343	ERoT_GPU_SXM_3	data_dump	0	Boot status		mctp-vdm-util-wrapper	query_boot_status GPU_SXM_3	0		0
344	ERoT_GPU_SXM_3	data_dump	1	Download log		mctp-vdm-util-wrapper	download_log GPU_SXM_3	0		0
345	ERoT_GPU_SXM_4	pin_status	0	Fatal Error Status	1	fpga_regtbl_wrapper	GPU4_EROT_FATAL_ERROR_N GPU_SXM_4	0	1	0
346	ERoT_GPU_SXM_4	pin_status	1	Recovery Status	1	fpga_regtbl_wrapper	FPGA_SXM4_EROT_RECOV_L GPU_SXM_4	0	1	0
347	ERoT_GPU_SXM_4	interface_status	0	I2CDirect Status	link-up	i2c_wrapper	i2c_access ERoT_GPU_SXM_4	0	link-up	0
348	ERoT_GPU_SXM_4	protocol_status	0	I2CDirect Status	link-up	i2c_wrapper	i2c_access ERoT_GPU_SXM_4	0	link-up	0
349	ERoT_GPU_SXM_4	firmware_status	0	Authentication Status	0	mctp-vdm-util-wrapper	EC_TAG0_AUTH_ERROR GPU_SXM_4	0	0	0
350	ERoT_GPU_SXM_4	data_dump	0	Boot status		mctp-vdm-util-wrapper	query_boot_status GPU_SXM_4	0		0
351	ERoT_GPU_SXM_4	data_dump	1	Download log		mctp-vdm-util-wrapper	download_log GPU_SXM_4	0		0
352	ERoT_GPU_SXM_5	pin_status	0	Fatal Error Status	1	fpga_regtbl_wrapper	GPU5_EROT_FATAL_ERROR_N GPU_SXM_5	0	1	0
353	ERoT_GPU_SXM_5	pin_status	1	Recovery Status	1	fpga_regtbl_wrapper	FPGA_SXM5_EROT_RECOV_L GPU_SXM_5	0	1	0
354	ERoT_GPU_SXM_5	interface_status	0	I2CDirect Status	link-up	i2c_wrapper	i2c_access ERoT_GPU_SXM_5	0	link-up	0
355	ERoT_GPU_SXM_5	protocol_status	0	I2CDirect Status	link-up	i2c_wrapper	i2c_access ERoT_GPU_SXM_5	0	link-up	0
356	ERoT_GPU_SXM_5	firmware_status	0	Authentication Status	0	mctp-vdm-util-wrapper	EC_TAG0_AUTH_ERROR GPU_SXM_5	0	0	0
357	ERoT_GPU_SXM_5	data_dump	0	Boot status		mctp-vdm-util-wrapper	query_boot_status GPU_SXM_5	0		0
358	ERoT_GPU_SXM_5	data_dump	1	Download log		mctp-vdm-util-wrapper	download_log GPU_SXM_5	0		0
359	ERoT_GPU_SXM_6	pin_status	0	Fatal Error Status	1	fpga_regtbl_wrapper	GPU6_EROT_FATAL_ERROR_N GPU_SXM_6	0	1	0
360	ERoT_GPU_SXM_6	pin_status	1	Recovery Status	1	fpga_regtbl_wrapper	FPGA_SXM6_EROT_RECOV_L GPU_SXM_6	0	1	0
361	ERoT_GPU_SXM_6	interface_status	0	I2CDirect Status	link-up	i2c_wrapper	i2c_access ERoT_GPU_SXM_6	0	link-up	0
362	ERoT_GPU_SXM_6	protocol_status	0	I2CDirect Status	link-up	i2c_wrapper	i2c_access ERoT_GPU_SXM_6	0	link-up	0
363	ERoT_GPU_SXM_6	firmware_status	0	Authentication Status	0	mctp-vdm-util-wrapper	EC_TAG0_AUTH_ERROR GPU_SXM_6	0	0	0
364	ERoT_GPU_SXM_6	data_dump	0	Boot status		mctp-vdm-util-wrapper	query_boot_status GPU_SXM_6	0		0
365	ERoT_GPU_SXM_6	data_dump	1	Download log		mctp-vdm-util-wrapper	download_log GPU_SXM_6	0		0
366	ERoT_GPU_SXM_7	pin_status	0	Fatal Error Status	1	fpga_regtbl_wrapper	GPU7_EROT_FATAL_ERROR_N GPU_SXM_7	0	1	0
367	ERoT_GPU_SXM_7	pin_status	1	Recovery Status	1	fpga_regtbl_wrapper	FPGA_SXM7_EROT_RECOV_L GPU_SXM_7	0	1	0
368	ERoT_GPU_SXM_7	interface_status	0	I2CDirect Status	link-up	i2c_wrapper	i2c_access ERoT_GPU_SXM_7	0	link-up	0
369	ERoT_GPU_SXM_7	protocol_status	0	I2CDirect Status	link-up	i2c_wrapper	i2c_access ERoT_GPU_SXM_7	0	link-up	0
370	ERoT_GPU_SXM_7	firmware_status	0	Authentication Status	0	mctp-vdm-util-wrapper	EC_TAG0_AUTH_ERROR GPU_SXM_7	0	0	0
371	ERoT_GPU_SXM_7	data_dump	0	Boot status		mctp-vdm-util-wrapper	query_boot_status GPU_SXM_7	0		0
372	ERoT_GPU_SXM_7	data_dump	1	Download log		mctp-vdm-util-wrapper	download_log GPU_SXM_7	0		0
373	ERoT_GPU_SXM_8	pin_status	0	Fatal Error Status	1	fpga_regtbl_wrapper	GPU8_EROT_FATAL_ERROR_N GPU_SXM_8	0	1	0
374	ERoT_GPU_SXM_8	pin_status	1	Recovery Status	1	fpga_regtbl_wrapper	FPGA_SXM8_EROT_RECOV_L GPU_SXM_8	0	1	0
375	ERoT_GPU_SXM_8	interface_status	0	I2CDirect Status	link-up	i2c_wrapper	i2c_access ERoT_GPU_SXM_8	0	link-up	0
376	ERoT_GPU_SXM_8	protocol_status	0	I2CDirect Status	link-up	i2c_wrapper	i2c_access ERoT_GPU_SXM_8	0	link-up	0
377	ERoT_GPU_SXM_8	firmware_status	0	Authentication Status	0	mctp-vdm-util-wrapper	EC_TAG0_AUTH_ERROR GPU_SXM_8	0	0	0
378	ERoT_GPU_SXM_8	data_dump	0	Boot status		mctp-vdm-util-wrapper	query_boot_status GPU_SXM_8	0		0
379	ERoT_GPU_SXM_8	data_dump	1	Download log		mctp-vdm-util-wrapper	download_log GPU_SXM_8	0		0
380	HSC_0	pin_status	0	Power Enablement (left)	1	fpga_regtbl_wrapper	FPGA_HSC0_LEFT_EN HSC_0	0	1	0
381	HSC_0	pin_status	1	Power Enablement (right)	1	fpga_regtbl_wrapper	FPGA_HSC0_RIGHT_EN HSC_0	0	1	0
382	HSC_0	pin_status	4	Alert Status	0	fpga_regtbl_wrapper	HSC0_ALERT_N HSC_0	0	0	0
383	HSC_0	pin_status	5	Alert Interrupt	0	fpga_regtbl_wrapper	HSC0_ALERT_INT_N HSC_0	0	0	0
384	HSC_0	interface_status	0	I2CDirect Status	link-up	i2c_wrapper	i2c_access HSC_0	0	link-up	0
385	HSC_0	protocol_status	0	I2CDirect Status	link-up	i2c_wrapper	i2c_access HSC_0	0	link-up	0
386	HSC_1	pin_status	0	Power Enablement (left)	1	fpga_regtbl_wrapper	FPGA_HSC1_LEFT_EN HSC_1	0	1	0
387	HSC_1	pin_status	1	Power Enablement (right)	1	fpga_regtbl_wrapper	FPGA_HSC1_RIGHT_EN HSC_1	0	1	0
388	HSC_1	pin_status	4	Alert Status	0	fpga_regtbl_wrapper	HSC1_ALERT_N HSC_1	0	0	0
389	HSC_1	pin_status	5	Alert Interrupt	0	fpga_regtbl_wrapper	HSC1_ALERT_INT_N HSC_1	0	0	0
390	HSC_1	interface_status	0	I2CDirect Status	link-up	i2c_wrapper	i2c_access HSC_1	0	link-up	0
391	HSC_1	protocol_status	0	I2CDirect Status	link-up	i2c_wrapper	i2c_access HSC_1	0	link-up	0
392	HSC_2	pin_status	0	Power Enablement (left)	1	fpga_regtbl_wrapper	FPGA_HSC2_LEFT_EN HSC_2	0	1	0
393	HSC_2	pin_status	1	Power Enablement (right)	1	fpga_regtbl_wrapper	FPGA_HSC2_RIGHT_EN HSC_2	0	1	0
394	HSC_2	pin_status	4	Alert Status	0	fpga_regtbl_wrapper	HSC2_ALERT_N HSC_2	0	0	0
395	HSC_2	pin_status	5	Alert Interrupt	0	fpga_regtbl_wrapper	HSC2_ALERT_INT_N HSC_2	0	0	0
396	HSC_2	interface_status	0	I2CDirect Status	link-up	i2c_wrapper	i2c_access HSC_2	0	link-up	0
397	HSC_2	protocol_status	0	I2CDirect Status	link-up	i2c_wrapper	i2c_access HSC_2	0	link-up	0
398	HSC_3	pin_status	0	Power Enablement (left)	1	fpga_regtbl_wrapper	FPGA_HSC3_LEFT_EN HSC_3	0	1	0
399	HSC_3	pin_status	1	Power Enablement (right)	1	fpga_regtbl_wrapper	FPGA_HSC3_RIGHT_EN HSC_3	0	1	0
400	HSC_3	pin_status	4	Alert Status	0	fpga_regtbl_wrapper	HSC3_ALERT_N HSC_3	0	0	0
401	HSC_3	pin_status	5	Alert Interrupt	0	fpga_regtbl_wrapper	HSC3_ALERT_INT_N HSC_3	0	0	0
402	HSC_3	interface_status	0	I2CDirect Status	link-up	i2c_wrapper	i2c_access HSC_3	0	link-up	0
403	HSC_3	protocol_status	0	I2CDirect Status	link-up	i2c_wrapper	i2c_access HSC_3	0	link-up	0
404	HSC_4	pin_status	0	Power Enablement (left)	1	fpga_regtbl_wrapper	FPGA_HSC4_LEFT_EN HSC_4	0	1	0
405	HSC_4	pin_status	1	Power Enablement (right)	1	fpga_regtbl_wrapper	FPGA_HSC4_RIGHT_EN HSC_4	0	1	0
406	HSC_4	pin_status	4	Alert Status	0	fpga_regtbl_wrapper	HSC4_ALERT_N HSC_4	0	0	0
407	HSC_4	pin_status	5	Alert Interrupt	0	fpga_regtbl_wrapper	HSC4_ALERT_INT_N HSC_4	0	0	0
408	HSC_4	interface_status	0	I2CDirect Status	link-up	i2c_wrapper	i2c_access HSC_4	0	link-up	0
409	HSC_4	protocol_status	0	I2CDirect Status	link-up	i2c_wrapper	i2c_access HSC_4	0	link-up	0
410	HSC_5	pin_status	0	Power Enablement (left)	1	fpga_regtbl_wrapper	FPGA_HSC5_LEFT_EN HSC_5	0	1	0
411	HSC_5	pin_status	1	Power Enablement (right)	1	fpga_regtbl_wrapper	FPGA_HSC5_RIGHT_EN HSC_5	0	1	0
412	HSC_5	pin_status	4	Alert Status	0	fpga_regtbl_wrapper	HSC5_ALERT_N HSC_5	0	0	0
413	HSC_5	pin_status	5	Alert Interrupt	0	fpga_regtbl_wrapper	HSC5_ALERT_INT_N HSC_5	0	0	0
414	HSC_5	interface_status	0	I2CDirect Status	link-up	i2c_wrapper	i2c_access HSC_5	0	link-up	0
415	HSC_5	protocol_status	0	I2CDirect Status	link-up	i2c_wrapper	i2c_access HSC_5	0	link-up	0
416	HSC_6	pin_status	0	Power Enablement (left)	1	fpga_regtbl_wrapper	FPGA_HSC6_LEFT_EN HSC_6	0	1	0
417	HSC_6	pin_status	1	Power Enablement (right)	1	fpga_regtbl_wrapper	FPGA_HSC6_RIGHT_EN HSC_6	0	1	0
418	HSC_6	pin_status	4	Alert Status	0	fpga_regtbl_wrapper	HSC6_ALERT_N HSC_6	0	0	0
419	HSC_6	pin_status	5	Alert Interrupt	0	fpga_regtbl_wrapper	HSC6_ALERT_INT_N HSC_6	0	0	0
420	HSC_6	interface_status	0	I2CDirect Status	link-up	i2c_wrapper	i2c_access HSC_6	0	link-up	0
421	HSC_6	protocol_status	0	I2CDirect Status	link-up	i2c_wrapper	i2c_access HSC_6	0	link-up	0
422	HSC_7	pin_status	0	Power Enablement (left)	1	fpga_regtbl_wrapper	FPGA_HSC7_LEFT_EN HSC_7	0	1	0
423	HSC_7	pin_status	1	Power Enablement (right)	1	fpga_regtbl_wrapper	FPGA_HSC7_RIGHT_EN HSC_7	0	1	0
424	HSC_7	pin_status	4	Alert Status	0	fpga_regtbl_wrapper	HSC7_ALERT_N HSC_7	0	0	0
425	HSC_7	pin_status	5	Alert Interrupt	0	fpga_regtbl_wrapper	HSC7_ALERT_INT_N HSC_7	0	0	0
426	HSC_7	interface_status	0	I2CDirect Status	link-up	i2c_wrapper	i2c_access HSC_7	0	link-up	0
427	HSC_7	protocol_status	0	I2CDirect Status	link-up	i2c_wrapper	i2c_access HSC_7	0	link-up	0
428	HSC_8	pin_status	0	Power Enablement (left)	1	fpga_regtbl_wrapper	FPGA_HSC8_LEFT_EN HSC_8	0	1	0
429	HSC_8	pin_status	1	Power Enablement (right)	1	fpga_regtbl_wrapper	FPGA_HSC8_RIGHT_EN HSC_8	0	1	0
430	HSC_8	pin_status	4	Alert Status	0	fpga_regtbl_wrapper	HSC8_ALERT_N HSC_8	0	0	0
431	HSC_8	pin_status	5	Alert Interrupt	0	fpga_regtbl_wrapper	HSC8_ALERT_INT_N HSC_8	0	0	0
432	HSC_8	interface_status	0	I2CDirect Status	link-up	i2c_wrapper	i2c_access HSC_8	0	link-up	0
433	HSC_8	protocol_status	0	I2CDirect Status	link-up	i2c_wrapper	i2c_access HSC_8	0	link-up	0
434	HSC_9	pin_status	0	Power Enablement (left)	1	fpga_regtbl_wrapper	FPGA_HSC9_LEFT_EN HSC_9	0	1	0
435	HSC_9	pin_status	1	Power Enablement (right)	1	fpga_regtbl_wrapper	FPGA_HSC9_RIGHT_EN HSC_9	0	1	0
436	HSC_9	pin_status	4	Alert Status	0	fpga_regtbl_wrapper	HSC9_ALERT_N HSC_9	0	0	0
437	HSC_9	pin_status	5	Alert Interrupt	0	fpga_regtbl_wrapper	HSC9_ALERT_INT_N HSC_9	0	0	0
438	HSC_9	interface_status	0	I2CDirect Status	link-up	i2c_wrapper	i2c_access HSC_9	0	link-up	0
439	HSC_9	protocol_status	0	I2CDirect Status	link-up	i2c_wrapper	i2c_access HSC_9	0	link-up	0
440	ERoT_NVSwitch_0	pin_status	0	Fatal Error Status	1	fpga_regtbl_wrapper	NVSW0_EROT_FATAL_ERROR_N NVSwitch_0	0	1	0
441	ERoT_NVSwitch_0	pin_status	1	Recovery Status	1	fpga_regtbl_wrapper	FPGA_NVSW0_EROT_RECOV_L NVSwitch_0	0	1	0
442	ERoT_NVSwitch_0	interface_status	0	I2CDirect Status	link-up	i2c_wrapper	i2c_access ERoT_NVSwitch_0	0	link-up	0
443	ERoT_NVSwitch_0	protocol_status	0	I2CDirect Status	link-up	i2c_wrapper	i2c_access ERoT_NVSwitch_0	0	link-up	0
444	ERoT_NVSwitch_0	firmware_status	0	Authentication Status	0	mctp-vdm-util-wrapper	EC_TAG0_AUTH_ERROR NVSwitch_0	0	0	0
445	ERoT_NVSwitch_0	data_dump	0	Boot status		mctp-vdm-util-wrapper	query_boot_status NVSwitch_0	0		0
446	ERoT_NVSwitch_0	data_dump	1	Download log		mctp-vdm-util-wrapper	download_log NVSwitch_0	0		0
447	ERoT_NVSwitch_1	pin_status	0	Fatal Error Status	1	fpga_regtbl_wrapper	NVSW1_EROT_FATAL_ERROR_N NVSwitch_1	0	1	0
448	ERoT_NVSwitch_1	pin_status	1	Recovery Status	1	fpga_regtbl_wrapper	FPGA_NVSW1_EROT_RECOV_L NVSwitch_1	0	1	0
449	ERoT_NVSwitch_1	interface_status	0	I2CDirect Status	link-up	i2c_wrapper	i2c_access ERoT_NVSwitch_1	0	link-up	0
450	ERoT_NVSwitch_1	protocol_status	0	I2CDirect Status	link-up	i2c_wrapper	i2c_access ERoT_NVSwitch_1	0	link-up	0
451	ERoT_NVSwitch_1	firmware_status	0	Authentication Status	0	mctp-vdm-util-wrapper	EC_TAG0_AUTH_ERROR NVSwitch_1	0	0	0
452	ERoT_NVSwitch_1	data_dump	0	Boot status		mctp-vdm-util-wrapper	query_boot_status NVSwitch_1	0		0
453	ERoT_NVSwitch_1	data_dump	1	Download log		mctp-vdm-util-wrapper	download_log NVSwitch_1	0		0
454	ERoT_NVSwitch_2	pin_status	0	Fatal Error Status	1	fpga_regtbl_wrapper	NVSW2_EROT_FATAL_ERROR_N NVSwitch_2	0	1	0
455	ERoT_NVSwitch_2	pin_status	1	Recovery Status	1	fpga_regtbl_wrapper	FPGA_NVSW2_EROT_RECOV_L NVSwitch_2	0	1	0
456	ERoT_NVSwitch_2	interface_status	0	I2CDirect Status	link-up	i2c_wrapper	i2c_access ERoT_NVSwitch_2	0	link-up	0
457	ERoT_NVSwitch_2	protocol_status	0	I2CDirect Status	link-up	i2c_wrapper	i2c_access ERoT_NVSwitch_2	0	link-up	0
458	ERoT_NVSwitch_2	firmware_status	0	Authentication Status	0	mctp-vdm-util-wrapper	EC_TAG0_AUTH_ERROR NVSwitch_2	0	0	0
459	ERoT_NVSwitch_2	data_dump	0	Boot status		mctp-vdm-util-wrapper	query_boot_status NVSwitch_2	0		0
460	ERoT_NVSwitch_2	data_dump	1	Download log		mctp-vdm-util-wrapper	download_log NVSwitch_2	0		0
461	ERoT_NVSwitch_3	pin_status	0	Fatal Error Status	1	fpga_regtbl_wrapper	NVSW3_EROT_FATAL_ERROR_N NVSwitch_3	0	1	0
462	ERoT_NVSwitch_3	pin_status	1	Recovery Status	1	fpga_regtbl_wrapper	FPGA_NVSW3_EROT_RECOV_L NVSwitch_3	0	1	0
463	ERoT_NVSwitch_3	interface_status	0	I2CDirect Status	link-up	i2c_wrapper	i2c_access ERoT_NVSwitch_3	0	link-up	0
464	ERoT_NVSwitch_3	protocol_status	0	I2CDirect Status	link-up	i2c_wrapper	i2c_access ERoT_NVSwitch_3	0	link-up	0
465	ERoT_NVSwitch_3	firmware_status	0	Authentication Status	0	mctp-vdm-util-wrapper	EC_TAG0_AUTH_ERROR NVSwitch_3	0	0	0
466	ERoT_NVSwitch_3	data_dump	0	Boot status		mctp-vdm-util-wrapper	query_boot_status NVSwitch_3	0		0
467	ERoT_NVSwitch_3	data_dump	1	Download log		mctp-vdm-util-wrapper	download_log NVSwitch_3	0		0
468	ERoT_PCIeSwitch_0	pin_status	0	Fatal Error Status	1	fpga_regtbl_wrapper	PEXSW_EROT_FATAL_ERROR_N PCIeSwitch_0	0	1	0
469	ERoT_PCIeSwitch_0	pin_status	1	Recovery Status	1	fpga_regtbl_wrapper	FPGA_PEXSW_EROT_RECOV_L PCIeSwitch_0	0	1	0
470	ERoT_PCIeSwitch_0	interface_status	0	I2CDirect Status	link-up	i2c_wrapper	i2c_access ERoT_PCIeSwitch_0	0	link-up	0
471	ERoT_PCIeSwitch_0	protocol_status	0	I2CDirect Status	link-up	i2c_wrapper	i2c_access ERoT_PCIeSwitch_0	0	link-up	0
472	ERoT_PCIeSwitch_0	firmware_status	0	Authentication Status	0	mctp-vdm-util-wrapper	EC_TAG0_AUTH_ERROR PCIeSwitch_0	0	0	0
473	ERoT_PCIeSwitch_0	data_dump	0	Boot status		mctp-vdm-util-wrapper	query_boot_status PCIeSwitch_0	0		0
474	ERoT_PCIeSwitch_0	data_dump	1	Download log		mctp-vdm-util-wrapper	download_log PCIeSwitch_0	0		0
475	ERoT_FPGA_0	interface_status	0	I2CDirect Status	link-up	i2c_wrapper	i2c_access ERoT_FPGA_0	0	link-up	0
476	ERoT_FPGA_0	protocol_status	0	I2CDirect Status	link-up	i2c_wrapper	i2c_access ERoT_FPGA_0	0	link-up	0
477	ERoT_FPGA_0	firmware_status	0	Authentication Status	0	mctp-vdm-util-wrapper	EC_TAG0_AUTH_ERROR FPGA_0	0	0	0
478	ERoT_FPGA_0	data_dump	0	Boot status		mctp-vdm-util-wrapper	query_boot_status FPGA_0	0		0
479	ERoT_FPGA_0	data_dump	1	Download log		mctp-vdm-util-wrapper	download_log FPGA_0	0		0
480	ERoT_HMC_0	pin_status	0	Fatal Error Status	1	fpga_regtbl_wrapper	HMC_EROT_FATAL_ERROR_N HMC_0	0	1	0
481	ERoT_HMC_0	pin_status	1	Recovery Status	1	fpga_regtbl_wrapper	FPGA_HMC_EROT_RECOV_L HMC_0	0	1	0
482	ERoT_HMC_0	interface_status	0	I2CDirect Status	link-up	i2c_wrapper	i2c_access ERoT_HMC_0	0	link-up	0
483	ERoT_HMC_0	protocol_status	0	I2CDirect Status	link-up	i2c_wrapper	i2c_access ERoT_HMC_0	0	link-up	0
484	ERoT_HMC_0	firmware_status	0	Authentication Status	0	mctp-vdm-util-wrapper	EC_TAG0_AUTH_ERROR HMC_0	0	0	0
485	ERoT_HMC_0	data_dump	0	Boot status		mctp-vdm-util-wrapper	query_boot_status HMC_0	0		0
486	ERoT_HMC_0	data_dump	1	Download log		mctp-vdm-util-wrapper	download_log HMC_0	0		0
487	StandbyHSC_0	pin_status	0	Power Enablement (left)	1	fpga_regtbl_wrapper	FPGA_HSC0_LEFT_EN StandbyHSC_0	0	1	0
488	StandbyHSC_0	pin_status	1	Power Enablement (right)	1	fpga_regtbl_wrapper	FPGA_HSC0_RIGHT_EN StandbyHSC_0	0	1	0
489	StandbyHSC_0	pin_status	4	Alert Status	0	fpga_regtbl_wrapper	HSC0_ALERT_N StandbyHSC_0	0	0	0
490	StandbyHSC_0	pin_status	5	Alert Interrupt	0	fpga_regtbl_wrapper	HSC0_ALERT_INT_N StandbyHSC_0	0	0	0
491	StandbyHSC_0	interface_status	0	I2CDirect Status	link-up	i2c_wrapper	i2c_access StandbyHSC_0	0	link-up	0
492	StandbyHSC_0	protocol_status	0	I2CDirect Status	link-up	i2c_wrapper	i2c_access StandbyHSC_0	0	link-up	0
